"id","code","name"
classification_0111,"0111","Cultivo de cereales (excepto arroz), legumbres y semillas oleaginosas"
classification_0112,"0112","Cultivo de arroz"
classification_0113,"0113","Cultivo de hortalizas, raíces y tubérculos"
classification_0114,"0114","Cultivo de tabaco"
classification_0115,"0115","Cultivo de plantas textiles"
classification_0119,"0119","Otros cultivos transitorios n.c.p."
classification_0121,"0121","Cultivo de frutas tropicales y subtropicales"
classification_0122,"0122","Cultivo de plátano y banano"
classification_0123,"0123","Cultivo de café"
classification_0124,"0124","Cultivo de caña de azúcar"
classification_0125,"0125","Cultivo de flor de corte"
classification_0126,"0126","Cultivo de palma para aceite (palma africana) y otros frutos oleaginosos"
classification_0127,"0127","Cultivo de plantas con las que se preparan bebidas"
classification_0128,"0128","Cultivo de especias y de plantas aromáticas y medicinales"
classification_0129,"0129","Otros cultivos permanentes n.c.p."
classification_0130,"0130","Propagación de plantas (actividades de los viveros, excepto viveros forestales)"
classification_0141,"0141","Cría de ganado bovino y bufalino"
classification_0142,"0142","Cría de caballos y otros equinos"
classification_0143,"0143","Cría de ovejas y cabras"
classification_0144,"0144","Cría de ganado porcino"
classification_0145,"0145","Cría de aves de corral"
classification_0149,"0149","Cría de otros animales n.c.p."
classification_0150,"0150","Explotación mixta (agrícola y pecuaria)"
classification_0161,"0161","Actividades de apoyo a la agricultura"
classification_0162,"0162","Actividades de apoyo a la ganadería"
classification_0163,"0163","Actividades posteriores a la cosecha"
classification_0164,"0164","Tratamiento de semillas para propagación"
classification_0170,"0170","Caza ordinaria y mediante trampas y actividades de servicios conexas"
classification_0210,"0210","Silvicultura y otras actividades forestales"
classification_0220,"0220","Extracción de madera"
classification_0230,"0230","Recolección de productos forestales diferentes a la madera"
classification_0240,"0240","Servicios de apoyo a la silvicultura"
classification_0311,"0311","Pesca marítima"
classification_0312,"0312","Pesca de agua dulce"
classification_0321,"0321","Acuicultura marítima"
classification_0322,"0322","Acuicultura de agua dulce"
classification_0510,"0510","Extracción de hulla (carbón de piedra)"
classification_0520,"0520","Extracción de carbón lignito"
classification_0610,"0610","Extracción de petróleo crudo"
classification_0620,"0620","Extracción de gas natural"
classification_0710,"0710","Extracción de minerales de hierro"
classification_0721,"0721","Extracción de minerales de uranio y de torio"
classification_0722,"0722","Extracción de oro y otros metales preciosos"
classification_0723,"0723","Extracción de minerales de níquel"
classification_0729,"0729","Extracción de otros minerales metalíferos no ferrosos n.c.p."
classification_0811,"0811","Extracción de piedra, arena, arcillas comunes, yeso y anhidrita"
classification_0812,"0812","Extracción de arcillas de uso industrial, caliza, caolín y bentonitas"
classification_0820,"0820","Extracción de esmeraldas, piedras preciosas y semipreciosas"
classification_0891,"0891","Extracción de minerales para la fabricación de abonos y productos químicos"
classification_0892,"0892","Extracción de halita (sal)"
classification_0899,"0899","Extracción de otros minerales no metálicos n.c.p."
classification_0910,"0910","Actividades de apoyo para la extracción de petróleo y de gas natural"
classification_0990,"0990","Actividades de apoyo para otras actividades de explotación de minas y canteras"
classification_1011,"1011","Procesamiento y conservación de carne y productos cárnicos"
classification_1012,"1012","Procesamiento y conservación de pescados, crustáceos y moluscos"
classification_1020,"1020","Procesamiento y conservación de frutas, legumbres, hortalizas y tubérculos"
classification_1030,"1030","Elaboración de aceites y grasas de origen vegetal y animal"
classification_1040,"1040","Elaboración de productos lácteos"
classification_1051,"1051","Elaboración de productos de molinería"
classification_1052,"1052","Elaboración de almidones y productos derivados del almidón"
classification_1061,"1061","Trilla de café"
classification_1062,"1062","Descafeinado, tostión y molienda del café"
classification_1063,"1063","Otros derivados del café"
classification_1071,"1071","Elaboración y refinación de azúcar"
classification_1072,"1072","Elaboración de panela"
classification_1081,"1081","Elaboración de productos de panadería"
classification_1082,"1082","Elaboración de cacao, chocolate y productos de confitería"
classification_1083,"1083","Elaboración de macarrones, fideos, alcuzcuz y productos farináceos similares"
classification_1084,"1084","Elaboración de comidas y platos preparados"
classification_1089,"1089","Elaboración de otros productos alimenticios n.c.p."
classification_1090,"1090","Elaboración de alimentos preparados para animales"
classification_1101,"1101","Destilación, rectificación y mezcla de bebidas alcohólicas"
classification_1102,"1102","Elaboración de bebidas fermentadas no destiladas"
classification_1103,"1103","Producción de malta, elaboración de cervezas y otras bebidas malteadas"
classification_1104,"1104","Elaboración de bebidas no alcohólicas, producción de aguas minerales y de otras aguas embotelladas"
classification_1200,"1200","Elaboración de productos de tabaco"
classification_1311,"1311","Preparación e hilatura de fibras textiles"
classification_1312,"1312","Tejeduría de productos textiles"
classification_1313,"1313","Acabado de productos textiles"
classification_1391,"1391","Fabricación de tejidos de punto y ganchillo"
classification_1392,"1392","Confección de artículos con materiales textiles, excepto prendas de vestir"
classification_1393,"1393","Fabricación de tapetes y alfombras para pisos"
classification_1394,"1394","Fabricación de cuerdas, cordeles, cables, bramantes y redes"
classification_1399,"1399","Fabricación de otros artículos textiles n.c.p."
classification_1410,"1410","Confección de prendas de vestir, excepto prendas de piel"
classification_1420,"1420","Fabricación de artículos de piel"
classification_1430,"1430","Fabricación de artículos de punto y ganchillo"
classification_1511,"1511","Curtido y recurtido de cueros; recurtido y teñido de pieles"
classification_1512,"1512","Fabricación de artículos de viaje, bolsos de mano y artículos similares elaborados en cuero, y fabricación de artículos de talabartería y guarnicionería"
classification_1513,"1513","Fabricación de artículos de viaje, bolsos de mano y artículos similares; artículos de talabartería y guarnicionería elaborados en otros materiales"
classification_1521,"1521","Fabricación de calzado de cuero y piel, con cualquier tipo de suela"
classification_1522,"1522","Fabricación de otros tipos de calzado, excepto calzado de cuero y piel"
classification_1523,"1523","Fabricación de partes del calzado"
classification_1610,"1610","Aserrado, acepillado e impregnación de la madera"
classification_1620,"1620","Fabricación de hojas de madera para enchapado; fabricación de tableros contrachapados, tableros laminados, tableros de partículas y otros tableros y paneles"
classification_1630,"1630","Fabricación de partes y piezas de madera, de carpintería y ebanistería para la construcción"
classification_1640,"1640","Fabricación de recipientes de madera"
classification_1690,"1690","Fabricación de otros productos de madera; fabricación de artículos de corcho, cestería y espartería"
classification_1701,"1701","Fabricación de pulpas (pastas) celulósicas; papel y cartón"
classification_1702,"1702","Fabricación de papel y cartón ondulado (corrugado); fabricación de envases, empaques y de embalajes de papel y cartón."
classification_1709,"1709","Fabricación de otros artículos de papel y cartón"
classification_1811,"1811","Actividades de impresión"
classification_1812,"1812","Actividades de servicios relacionados con la impresión"
classification_1820,"1820","Producción de copias a partir de grabaciones originales"
classification_1910,"1910","Fabricación de productos de hornos de coque"
classification_1921,"1921","Fabricación de productos de la refinación del petróleo"
classification_1922,"1922","Actividad de mezcla de combustibles"
classification_2011,"2011","Fabricación de sustancias y productos químicos básicos"
classification_2012,"2012","Fabricación de abonos y compuestos inorgánicos nitrogenados"
classification_2013,"2013","Fabricación de plásticos en formas primarias"
classification_2014,"2014","Fabricación de caucho sintético en formas primarias"
classification_2021,"2021","Fabricación de plaguicidas y otros productos químicos de uso agropecuario"
classification_2022,"2022","Fabricación de pinturas, barnices y revestimientos similares, tintas para impresión y masillas"
classification_2023,"2023","Fabricación de jabones y detergentes, preparados para limpiar y pulir; perfumes y preparados de tocador"
classification_2029,"2029","Fabricación de otros productos químicos n.c.p."
classification_2030,"2030","Fabricación de fibras sintéticas y artificiales"
classification_2100,"2100","Fabricación de productos farmacéuticos, sustancias químicas medicinales y productos botánicos de uso farmacéutico"
classification_2211,"2211","Fabricación de llantas y neumáticos de caucho"
classification_2212,"2212","Reencauche de llantas usadas"
classification_2219,"2219","Fabricación de formas básicas de caucho y otros productos de caucho n.c.p."
classification_2221,"2221","Fabricación de formas básicas de plástico"
classification_2229,"2229","Fabricación de artículos de plástico n.c.p."
classification_2310,"2310","Fabricación de vidrio y productos de vidrio"
classification_2391,"2391","Fabricación de productos refractarios"
classification_2392,"2392","Fabricación de materiales de arcilla para la construcción"
classification_2393,"2393","Fabricación de otros productos de cerámica y porcelana"
classification_2394,"2394","Fabricación de cemento, cal y yeso"
classification_2395,"2395","Fabricación de artículos de hormigón, cemento y yeso"
classification_2396,"2396","Corte, tallado y acabado de la piedra"
classification_2399,"2399","Fabricación de otros productos minerales no metálicos n.c.p."
classification_2410,"2410","Industrias básicas de hierro y de acero"
classification_2421,"2421","Industrias básicas de metales preciosos"
classification_2429,"2429","Industrias básicas de otros metales no ferrosos"
classification_2431,"2431","Fundición de hierro y de acero"
classification_2432,"2432","Fundición de metales no ferrosos"
classification_2511,"2511","Fabricación de productos metálicos para uso estructural"
classification_2512,"2512","Fabricación de tanques, depósitos y recipientes de metal, excepto los utilizados para el envase o transporte de mercancías"
classification_2513,"2513","Fabricación de generadores de vapor, excepto calderas de agua caliente para calefacción central"
classification_2520,"2520","Fabricación de armas y municiones"
classification_2591,"2591","Forja, prensado, estampado y laminado de metal; pulvimetalurgia"
classification_2592,"2592","Tratamiento y revestimiento de metales; mecanizado"
classification_2593,"2593","Fabricación de artículos de cuchillería, herramientas de mano y artículos de ferretería"
classification_2599,"2599","Fabricación de otros productos elaborados de metal n.c.p."
classification_2610,"2610","Fabricación de componentes y tableros electrónicos"
classification_2620,"2620","Fabricación de computadoras y de equipo periférico"
classification_2630,"2630","Fabricación de equipos de comunicación"
classification_2640,"2640","Fabricación de aparatos electrónicos de consumo"
classification_2651,"2651","Fabricación de equipo de medición, prueba, navegación y control"
classification_2652,"2652","Fabricación de relojes"
classification_2660,"2660","Fabricación de equipo de irradiación y equipo electrónico de uso médico y terapéutico"
classification_2670,"2670","Fabricación de instrumentos ópticos y equipo fotográfico"
classification_2680,"2680","Fabricación de medios magnéticos y ópticos para almacenamiento de datos"
classification_2711,"2711","Fabricación de motores, generadores y transformadores eléctricos"
classification_2712,"2712","Fabricación de aparatos de distribución y control de la energía eléctrica"
classification_2720,"2720","Fabricación de pilas, baterías y acumuladores eléctricos"
classification_2731,"2731","Fabricación de hilos y cables eléctricos y de fibra óptica"
classification_2732,"2732","Fabricación de dispositivos de cableado"
classification_2740,"2740","Fabricación de equipos eléctricos de iluminación"
classification_2750,"2750","Fabricación de aparatos de uso doméstico"
classification_2790,"2790","Fabricación de otros tipos de equipo eléctrico n.c.p."
classification_2811,"2811","Fabricación de motores, turbinas, y partes para motores de combustión interna"
classification_2812,"2812","Fabricación de equipos de potencia hidráulica y neumática"
classification_2813,"2813","Fabricación de otras bombas, compresores, grifos y válvulas"
classification_2814,"2814","Fabricación de cojinetes, engranajes, trenes de engranajes y piezas de transmisión"
classification_2815,"2815","Fabricación de hornos, hogares y quemadores industriales"
classification_2816,"2816","Fabricación de equipo de elevación y manipulación"
classification_2817,"2817","Fabricación de maquinaria y equipo de oficina (excepto computadoras y equipo periférico)"
classification_2818,"2818","Fabricación de herramientas manuales con motor"
classification_2819,"2819","Fabricación de otros tipos de maquinaria y equipo de uso general n.c.p."
classification_2821,"2821","Fabricación de maquinaria agropecuaria y forestal"
classification_2822,"2822","Fabricación de máquinas formadoras de metal y de máquinas herramienta"
classification_2823,"2823","Fabricación de maquinaria para la metalurgia"
classification_2824,"2824","Fabricación de maquinaria para explotación de minas y canteras y para obras de construcción"
classification_2825,"2825","Fabricación de maquinaria para la elaboración de alimentos, bebidas y tabaco"
classification_2826,"2826","Fabricación de maquinaria para la elaboración de productos textiles, prendas de vestir y cueros"
classification_2829,"2829","Fabricación de otros tipos de maquinaria y equipo de uso especial n.c.p."
classification_2910,"2910","Fabricación de vehículos automotores y sus motores"
classification_2920,"2920","Fabricación de carrocerías para vehículos automotores; fabricación de remolques y semirremolques"
classification_2930,"2930","Fabricación de partes, piezas (autopartes) y accesorios (lujos) para vehículos automotores"
classification_3011,"3011","Construcción de barcos y de estructuras flotantes"
classification_3012,"3012","Construcción de embarcaciones de recreo y deporte"
classification_3020,"3020","Fabricación de locomotoras y de material rodante para ferrocarriles"
classification_3030,"3030","Fabricación de aeronaves, naves espaciales y de maquinaria conexa"
classification_3040,"3040","Fabricación de vehículos militares de combate"
classification_3091,"3091","Fabricación de motocicletas"
classification_3092,"3092","Fabricación de bicicletas y de sillas de ruedas para personas con discapacidad"
classification_3099,"3099","Fabricación de otros tipos de equipo de transporte n.c.p."
classification_3110,"3110","Fabricación de muebles"
classification_3120,"3120","Fabricación de colchones y somieres"
classification_3210,"3210","Fabricación de joyas, bisutería y artículos conexos"
classification_3220,"3220","Fabricación de instrumentos musicales"
classification_3230,"3230","Fabricación de artículos y equipo para la práctica del deporte"
classification_3240,"3240","Fabricación de juegos, juguetes y rompecabezas"
classification_3250,"3250","Fabricación de instrumentos, aparatos y materiales médicos y odontológicos (incluido mobiliario)"
classification_3290,"3290","Otras industrias manufactureras n.c.p."
classification_3311,"3311","Mantenimiento y reparación especializado de productos elaborados en metal"
classification_3312,"3312","Mantenimiento y reparación especializado de maquinaria y equipo"
classification_3313,"3313","Mantenimiento y reparación especializado de equipo electrónico y óptico"
classification_3314,"3314","Mantenimiento y reparación especializado de equipo eléctrico"
classification_3315,"3315","Mantenimiento y reparación especializado de equipo de transporte, excepto los vehículos automotores, motocicletas y bicicletas"
classification_3319,"3319","Mantenimiento y reparación de otros tipos de equipos y sus componentes n.c.p."
classification_3320,"3320","Instalación especializada de maquinaria y equipo industrial"
classification_3511,"3511","Generación de energía eléctrica"
classification_3512,"3512","Transmisión de energía eléctrica"
classification_3513,"3513","Distribución de energía eléctrica"
classification_3514,"3514","Comercialización de energía eléctrica"
classification_3520,"3520","Producción de gas; distribución de combustibles gaseosos por tuberías"
classification_3530,"3530","Suministro de vapor y aire acondicionado"
classification_3600,"3600","Captación, tratamiento y distribución de agua"
classification_3700,"3700","Evacuación y tratamiento de aguas residuales"
classification_3811,"3811","Recolección de desechos no peligrosos"
classification_3812,"3812","Recolección de desechos peligrosos"
classification_3821,"3821","Tratamiento y disposición de desechos no peligrosos"
classification_3822,"3822","Tratamiento y disposición de desechos peligrosos"
classification_3830,"3830","Recuperación de materiales"
classification_3900,"3900","Actividades de saneamiento ambiental y otros servicios de gestión de desechos"
classification_4111,"4111","Construcción de edificios residenciales"
classification_4112,"4112","Construcción de edificios no residenciales"
classification_4210,"4210","Construcción de carreteras y vías de ferrocarril"
classification_4220,"4220","Construcción de proyectos de servicio público"
classification_4290,"4290","Construcción de otras obras de ingeniería civil"
classification_4311,"4311","Demolición"
classification_4312,"4312","Preparación del terreno"
classification_4321,"4321","Instalaciones eléctricas"
classification_4322,"4322","Instalaciones de fontanería, calefacción y aire acondicionado"
classification_4329,"4329","Otras instalaciones especializadas"
classification_4330,"4330","Terminación y acabado de edificios y obras de ingeniería civil"
classification_4390,"4390","Otras actividades especializadas para la construcción de edificios y obras de ingeniería civil"
classification_4511,"4511","Comercio de vehículos automotores nuevos"
classification_4512,"4512","Comercio de vehículos automotores usados"
classification_4520,"4520","Mantenimiento y reparación de vehículos automotores"
classification_4530,"4530","Comercio de partes, piezas (autopartes) y accesorios (lujos) para vehículos automotores"
classification_4541,"4541","Comercio de motocicletas y de sus partes, piezas y accesorios"
classification_4542,"4542","Mantenimiento y reparación de motocicletas y de sus partes y piezas"
classification_4610,"4610","Comercio al por mayor a cambio de una retribución o por contrata"
classification_4620,"4620","Comercio al por mayor de materias primas agropecuarias; animales vivos"
classification_4631,"4631","Comercio al por mayor de productos alimenticios"
classification_4632,"4632","Comercio al por mayor de bebidas y tabaco"
classification_4641,"4641","Comercio al por mayor de productos textiles, productos confeccionados para uso doméstico"
classification_4642,"4642","Comercio al por mayor de prendas de vestir"
classification_4643,"4643","Comercio al por mayor de calzado"
classification_4644,"4644","Comercio al por mayor de aparatos y equipo de uso doméstico"
classification_4645,"4645","Comercio al por mayor de productos farmacéuticos, medicinales, cosméticos y de tocador"
classification_4649,"4649","Comercio al por mayor de otros utensilios domésticos n.c.p."
classification_4651,"4651","Comercio al por mayor de computadores, equipo periférico y programas de informática"
classification_4652,"4652","Comercio al por mayor de equipo, partes y piezas electrónicos y de telecomunicaciones"
classification_4653,"4653","Comercio al por mayor de maquinaria y equipo agropecuarios"
classification_4659,"4659","Comercio al por mayor de otros tipos de maquinaria y equipo n.c.p."
classification_4661,"4661","Comercio al por mayor de combustibles sólidos, líquidos, gaseosos y productos conexos"
classification_4662,"4662","Comercio al por mayor de metales y productos metalíferos"
classification_4663,"4663","Comercio al por mayor de materiales de construcción, artículos de ferretería, pinturas, productos de vidrio, equipo y materiales de fontanería y calefacción"
classification_4664,"4664","Comercio al por mayor de productos químicos básicos, cauchos y plásticos en formas primarias y productos químicos de uso agropecuario"
classification_4665,"4665","Comercio al por mayor de desperdicios, desechos y chatarra"
classification_4669,"4669","Comercio al por mayor de otros productos n.c.p."
classification_4690,"4690","Comercio al por mayor no especializado"
classification_4711,"4711","Comercio al por menor en establecimientos no especializados con surtido compuesto principalmente por alimentos, bebidas o tabaco"
classification_4719,"4719","Comercio al por menor en establecimientos no especializados, con surtido compuesto principalmente por productos diferentes de alimentos (víveres en general), bebidas y tabaco"
classification_4721,"4721","Comercio al por menor de productos agrícolas para el consumo en establecimientos especializados"
classification_4722,"4722","Comercio al por menor de leche, productos lácteos y huevos, en establecimientos especializados"
classification_4723,"4723","Comercio al por menor de carnes (incluye aves de corral), productos cárnicos, pescados y productos de mar, en establecimientos especializados"
classification_4724,"4724","Comercio al por menor de bebidas y productos del tabaco, en establecimientos especializados"
classification_4729,"4729","Comercio al por menor de otros productos alimenticios n.c.p., en establecimientos especializados"
classification_4731,"4731","Comercio al por menor de combustible para automotores"
classification_4732,"4732","Comercio al por menor de lubricantes (aceites, grasas), aditivos y productos de limpieza para vehículos automotores"
classification_4741,"4741","Comercio al por menor de computadores, equipos periféricos, programas de informática y equipos de telecomunicaciones en establecimientos especializados"
classification_4742,"4742","Comercio al por menor de equipos y aparatos de sonido y de video, en establecimientos especializados"
classification_4751,"4751","Comercio al por menor de productos textiles en establecimientos especializados"
classification_4752,"4752","Comercio al por menor de artículos de ferretería, pinturas y productos de vidrio en establecimientos especializados"
classification_4753,"4753","Comercio al por menor de tapices, alfombras y cubrimientos para paredes y pisos en establecimientos especializados"
classification_4754,"4754","Comercio al por menor de electrodomésticos y gasodomésticos de uso doméstico, muebles y equipos de iluminación"
classification_4755,"4755","Comercio al por menor de artículos y utensilios de uso doméstico"
classification_4759,"4759","Comercio al por menor de otros artículos domésticos en establecimientos especializados"
classification_4761,"4761","Comercio al por menor de libros, periódicos, materiales y artículos de papelería y escritorio, en establecimientos especializados"
classification_4762,"4762","Comercio al por menor de artículos deportivos, en establecimientos especializados"
classification_4769,"4769","Comercio al por menor de otros artículos culturales y de entretenimiento n.c.p. en establecimientos especializados"
classification_4771,"4771","Comercio al por menor de prendas de vestir y sus accesorios (incluye artículos de piel) en establecimientos especializados"
classification_4772,"4772","Comercio al por menor de todo tipo de calzado y artículos de cuero y sucedáneos del cuero en establecimientos especializados."
classification_4773,"4773","Comercio al por menor de productos farmacéuticos y medicinales, cosméticos y artículos de tocador en establecimientos especializados"
classification_4774,"4774","Comercio al por menor de otros productos nuevos en establecimientos especializados"
classification_4775,"4775","Comercio al por menor de artículos de segunda mano"
classification_4781,"4781","Comercio al por menor de alimentos, bebidas y tabaco, en puestos de venta móviles"
classification_4782,"4782","Comercio al por menor de productos textiles, prendas de vestir y calzado, en puestos de venta móviles"
classification_4789,"4789","Comercio al por menor de otros productos en puestos de venta móviles"
classification_4791,"4791","Comercio al por menor realizado a través de Internet"
classification_4792,"4792","Comercio al por menor realizado a través de casas de venta o por correo"
classification_4799,"4799","Otros tipos de comercio al por menor no realizado en establecimientos, puestos de venta o mercados."
classification_4911,"4911","Transporte férreo de pasajeros"
classification_4912,"4912","Transporte férreo de carga"
classification_4921,"4921","Transporte de pasajeros"
classification_4922,"4922","Transporte mixto"
classification_4923,"4923","Transporte de carga por carretera"
classification_4930,"4930","Transporte por tuberías"
classification_5011,"5011","Transporte de pasajeros marítimo y de cabotaje"
classification_5012,"5012","Transporte de carga marítimo y de cabotaje"
classification_5021,"5021","Transporte fluvial de pasajeros"
classification_5022,"5022","Transporte fluvial de carga"
classification_5111,"5111","Transporte aéreo nacional de pasajeros"
classification_5112,"5112","Transporte aéreo internacional de pasajeros"
classification_5121,"5121","Transporte aéreo nacional de carga"
classification_5122,"5122","Transporte aéreo internacional de carga"
classification_5210,"5210","Almacenamiento y depósito"
classification_5221,"5221","Actividades de estaciones, vías y servicios complementarios para el transporte terrestre"
classification_5222,"5222","Actividades de puertos y servicios complementarios para el transporte acuático"
classification_5223,"5223","Actividades de aeropuertos, servicios de navegación aérea y demás actividades conexas al transporte aéreo"
classification_5224,"5224","Manipulación de carga"
classification_5229,"5229","Otras actividades complementarias al transporte"
classification_5310,"5310","Actividades postales nacionales"
classification_5320,"5320","Actividades de mensajería"
classification_5511,"5511","Alojamiento en hoteles"
classification_5512,"5512","Alojamiento en apartahoteles"
classification_5513,"5513","Alojamiento en centros vacacionales"
classification_5514,"5514","Alojamiento rural"
classification_5519,"5519","Otros tipos de alojamientos para visitantes"
classification_5520,"5520","Actividades de zonas de camping y parques para vehículos recreacionales"
classification_5530,"5530","Servicio por horas"
classification_5590,"5590","Otros tipos de alojamiento n.c.p."
classification_5611,"5611","Expendio a la mesa de comidas preparadas"
classification_5612,"5612","Expendio por autoservicio de comidas preparadas"
classification_5613,"5613","Expendio de comidas preparadas en cafeterías"
classification_5619,"5619","Otros tipos de expendio de comidas preparadas n.c.p."
classification_5621,"5621","Catering para eventos"
classification_5629,"5629","Actividades de otros servicios de comidas"
classification_5630,"5630","Expendio de bebidas alcohólicas para el consumo dentro del establecimiento"
classification_5811,"5811","Edición de libros"
classification_5812,"5812","Edición de directorios y listas de correo"
classification_5813,"5813","Edición de periódicos, revistas y otras publicaciones periódicas"
classification_5819,"5819","Otros trabajos de edición"
classification_5820,"5820","Edición de programas de informática (software)"
classification_5911,"5911","Actividades de producción de películas cinematográficas, videos, programas, anuncios y comerciales de televisión"
classification_5912,"5912","Actividades de posproducción de películas cinematográficas, videos, programas, anuncios y comerciales de televisión"
classification_5913,"5913","Actividades de distribución de películas cinematográficas, videos, programas, anuncios y comerciales de televisión"
classification_5914,"5914","Actividades de exhibición de películas cinematográficas y videos"
classification_5920,"5920","Actividades de grabación de sonido y edición de música"
classification_6010,"6010","Actividades de programación y transmisión en el servicio de radiodifusión sonora"
classification_6020,"6020","Actividades de programación y transmisión de televisión"
classification_6110,"6110","Actividades de telecomunicaciones alámbricas"
classification_6120,"6120","Actividades de telecomunicaciones inalámbricas"
classification_6130,"6130","Actividades de telecomunicación satelital"
classification_6190,"6190","Otras actividades de telecomunicaciones"
classification_6201,"6201","Actividades de desarrollo de sistemas informáticos (planificación, análisis, diseño, programación, pruebas)"
classification_6202,"6202","Actividades de consultoría informática y actividades de administración de instalaciones informáticas"
classification_6209,"6209","Otras actividades de tecnologías de información y actividades de servicios informáticos"
classification_6311,"6311","Procesamiento de datos, alojamiento (hosting) y actividades relacionadas"
classification_6312,"6312","Portales web"
classification_6391,"6391","Actividades de agencias de noticias"
classification_6399,"6399","Otras actividades de servicio de información n.c.p."
classification_6411,"6411","Banco Central"
classification_6412,"6412","Bancos comerciales"
classification_6421,"6421","Actividades de las corporaciones financieras"
classification_6422,"6422","Actividades de las compañías de financiamiento"
classification_6423,"6423","Banca de segundo piso"
classification_6424,"6424","Actividades de las cooperativas financieras"
classification_6431,"6431","Fideicomisos, fondos y entidades financieras similares"
classification_6432,"6432","Fondos de cesantías"
classification_6491,"6491","Leasing financiero (arrendamiento financiero)"
classification_6492,"6492","Actividades financieras de fondos de empleados y otras formas asociativas del sector solidario"
classification_6493,"6493","Actividades de compra de cartera o factoring"
classification_6494,"6494","Otras actividades de distribución de fondos"
classification_6495,"6495","Instituciones especiales oficiales"
classification_6496,"6496","Capitalización"
classification_6499,"6499","Otras actividades de servicio financiero, excepto las de seguros y pensiones n.c.p."
classification_6511,"6511","Seguros generales"
classification_6512,"6512","Seguros de vida"
classification_6513,"6513","Reaseguros"
classification_6515,"6515","Seguros de salud"
classification_6521,"6521","Servicios de seguros sociales de salud"
classification_6522,"6522","Servicios de seguros sociales de riesgos profesionales"
classification_6523,"6523","Servicios de seguros sociales en riesgos familia"
classification_6531,"6531","Régimen de prima media con prestación definida (RPM)"
classification_6532,"6532","Régimen de ahorro individual (RAI)"
classification_6611,"6611","Administración de mercados financieros"
classification_6612,"6612","Corretaje de valores y de contratos de productos básicos"
classification_6613,"6613","Otras actividades relacionadas con el mercado de valores"
classification_6614,"6614","Actividades de las casas de cambio"
classification_6615,"6615","Actividades de los profesionales de compra y venta de divisas"
classification_6619,"6619","Otras actividades auxiliares de las actividades de servicios financieros n.c.p."
classification_6621,"6621","Actividades de agentes y corredores de seguros"
classification_6629,"6629","Evaluación de riesgos y daños, y otras actividades de servicios auxiliares"
classification_6630,"6630","Actividades de administración de fondos"
classification_6810,"6810","Actividades inmobiliarias realizadas con bienes propios o arrendados"
classification_6820,"6820","Actividades inmobiliarias realizadas a cambio de una retribución o por contrata"
classification_6910,"6910","Actividades jurídicas"
classification_6920,"6920","Actividades de contabilidad, teneduría de libros, auditoría financiera y asesoría tributaria"
classification_7010,"7010","Actividades de administración empresarial"
classification_7020,"7020","Actividades de consultaría de gestión"
classification_7111,"7111","Actividades de arquitectura"
classification_7112,"7112","Actividades de ingeniería y otras actividades conexas de consultoría técnica"
classification_7120,"7120","Ensayos y análisis técnicos"
classification_7210,"7210","Investigaciones y desarrollo experimental en el campo de las ciencias naturales y la ingeniería"
classification_7220,"7220","Investigaciones y desarrollo experimental en el campo de las ciencias sociales y las humanidades"
classification_7310,"7310","Publicidad"
classification_7320,"7320","Estudios de mercado y realización de encuestas de opinión pública"
classification_7410,"7410","Actividades especializadas de diseño"
classification_7420,"7420","Actividades de fotografía"
classification_7490,"7490","Otras actividades profesionales, científicas y técnicas n.c.p."
classification_7500,"7500","Actividades veterinarias"
classification_7710,"7710","Alquiler y arrendamiento de vehículos automotores"
classification_7721,"7721","Alquiler y arrendamiento de equipo recreativo y deportivo"
classification_7722,"7722","Alquiler de videos y discos"
classification_7729,"7729","Alquiler y arrendamiento de otros efectos personales y enseres domésticos n.c.p."
classification_7730,"7730","Alquiler y arrendamiento de otros tipos de maquinaria, equipo y bienes tangibles n.c.p."
classification_7740,"7740","Arrendamiento de propiedad intelectual y productos similares, excepto obras protegidas por derechos de autor"
classification_7810,"7810","Actividades de agencias de empleo"
classification_7820,"7820","Actividades de agencias de empleo temporal"
classification_7830,"7830","Otras actividades de suministro de recurso humano"
classification_7911,"7911","Actividades de las agencias de viaje"
classification_7912,"7912","Actividades de operadores turísticos"
classification_7990,"7990","Otros servicios de reserva y actividades relacionadas"
classification_8010,"8010","Actividades de seguridad privada"
classification_8020,"8020","Actividades de servicios de sistemas de seguridad"
classification_8030,"8030","Actividades de detectives e investigadores privados"
classification_8110,"8110","Actividades combinadas de apoyo a instalaciones"
classification_8121,"8121","Limpieza general interior de edificios"
classification_8129,"8129","Otras actividades de limpieza de edificios e instalaciones industriales"
classification_8130,"8130","Actividades de paisajismo y servicios de mantenimiento conexos"
classification_8211,"8211","Actividades combinadas de servicios administrativos de oficina"
classification_8219,"8219","Fotocopiado, preparación de documentos y otras actividades especializadas de apoyo a oficina"
classification_8220,"8220","Actividades de centros de llamadas (Call center)"
classification_8230,"8230","Organización de convenciones y eventos comerciales"
classification_8291,"8291","Actividades de agencias de cobranza y oficinas de calificación crediticia"
classification_8292,"8292","Actividades de envase y empaque"
classification_8299,"8299","Otras actividades de servicio de apoyo a las empresas n.c.p."
classification_8411,"8411","Actividades legislativas de la administración pública"
classification_8412,"8412","Actividades ejecutivas de la administración pública"
classification_8413,"8413","Regulación de las actividades de organismos que prestan servicios de salud, educativos, culturales y otros servicios sociales, excepto servicios de seguridad social"
classification_8414,"8414","Actividades reguladoras y facilitadoras de la actividad económica"
classification_8415,"8415","Actividades de los otros órganos de control"
classification_8421,"8421","Relaciones exteriores"
classification_8422,"8422","Actividades de defensa"
classification_8423,"8423","Orden público y actividades de seguridad"
classification_8424,"8424","Administración de justicia"
classification_8430,"8430","Actividades de planes de seguridad social de afiliación obligatoria"
classification_8511,"8511","Educación de la primera infancia"
classification_8512,"8512","Educación preescolar"
classification_8513,"8513","Educación básica primaria"
classification_8521,"8521","Educación básica secundaria"
classification_8522,"8522","Educación media académica"
classification_8523,"8523","Educación media técnica y de formación laboral"
classification_8530,"8530","Establecimientos que combinan diferentes niveles de educación"
classification_8541,"8541","Educación técnica profesional"
classification_8542,"8542","Educación tecnológica"
classification_8543,"8543","Educación de instituciones universitarias o de escuelas tecnológicas"
classification_8544,"8544","Educación de universidades"
classification_8551,"8551","Formación académica no formal"
classification_8552,"8552","Enseñanza deportiva y recreativa"
classification_8553,"8553","Enseñanza cultural"
classification_8559,"8559","Otros tipos de educación n.c.p."
classification_8560,"8560","Actividades de apoyo a la educación"
classification_8610,"8610","Actividades de hospitales y clínicas, con internación"
classification_8621,"8621","Actividades de la práctica médica, sin internación"
classification_8622,"8622","Actividades de la práctica odontológica"
classification_8691,"8691","Actividades de apoyo diagnóstico"
classification_8692,"8692","Actividades de apoyo terapéutico"
classification_8699,"8699","Otras actividades de atención de la salud humana"
classification_8710,"8710","Actividades de atención residencial medicalizada de tipo general"
classification_8720,"8720","Actividades de atención residencial, para el cuidado de pacientes con retardo mental, enfermedad mental y consumo de sustancias psicoactivas"
classification_8730,"8730","Actividades de atención en instituciones para el cuidado de personas mayores y/o discapacitadas"
classification_8790,"8790","Otras actividades de atención en instituciones con alojamiento"
classification_8810,"8810","Actividades de asistencia social sin alojamiento para personas mayores y discapacitadas"
classification_8891,"8891","Actividades de guarderías para niños y niñas"
classification_8899,"8899","Otras actividades de asistencia social sin alojamiento n.c.p."
classification_9001,"9001","Creación literaria"
classification_9002,"9002","Creación musical"
classification_9003,"9003","Creación teatral"
classification_9004,"9004","Creación audiovisual"
classification_9005,"9005","Artes plásticas y visuales"
classification_9006,"9006","Actividades teatrales"
classification_9007,"9007","Actividades de espectáculos musicales en vivo"
classification_9008,"9008","Otras actividades de espectáculos en vivo"
classification_9101,"9101","Actividades de bibliotecas y archivos"
classification_9102,"9102","Actividades y funcionamiento de museos, conservación de edificios y sitios históricos"
classification_9103,"9103","Actividades de jardines botánicos, zoológicos y reservas naturales"
classification_9200,"9200","Actividades de juegos de azar y apuestas"
classification_9311,"9311","Gestión de instalaciones deportivas"
classification_9312,"9312","Actividades de clubes deportivos"
classification_9319,"9319","Otras actividades deportivas"
classification_9321,"9321","Actividades de parques de atracciones y parques temáticos"
classification_9329,"9329","Otras actividades recreativas y de esparcimiento n.c.p."
classification_9411,"9411","Actividades de asociaciones empresariales y de empleadores"
classification_9412,"9412","Actividades de asociaciones profesionales"
classification_9420,"9420","Actividades de sindicatos de empleados"
classification_9491,"9491","Actividades de asociaciones religiosas"
classification_9492,"9492","Actividades de asociaciones políticas"
classification_9499,"9499","Actividades de otras asociaciones n.c.p."
classification_9511,"9511","Mantenimiento y reparación de computadores y de equipo periférico"
classification_9512,"9512","Mantenimiento y reparación de equipos de comunicación"
classification_9521,"9521","Mantenimiento y reparación de aparatos electrónicos de consumo"
classification_9522,"9522","Mantenimiento y reparación de aparatos y equipos domésticos y de jardinería"
classification_9523,"9523","Reparación de calzado y artículos de cuero"
classification_9524,"9524","Reparación de muebles y accesorios para el hogar"
classification_9529,"9529","Mantenimiento y reparación de otros efectos personales y enseres domésticos"
classification_9601,"9601","Lavado y limpieza, incluso la limpieza en seco, de productos textiles y de piel"
classification_9602,"9602","Peluquería y otros tratamientos de belleza"
classification_9603,"9603","Pompas fúnebres y actividades relacionadas"
classification_9609,"9609","Otras actividades de servicios personales n.c.p."
classification_9700,"9700","Actividades de los hogares individuales como empleadores de personal doméstico"
classification_9810,"9810","Actividades no diferenciadas de los hogares individuales como productores de bienes para uso propio"
classification_9820,"9820","Actividades no diferenciadas de los hogares individuales como productores de servicios para uso propio"
classification_9900,"9900","Actividades de organizaciones y entidades extraterritoriales"
classification_0010,"0010","Asalariados"
classification_0020,"0020","Pensionados"
classification_0081,"0081","Personas Naturales sin Actividad Económica"
classification_0082,"0082","Personas Naturales Subsidiadas por Terceros"
classification_0090,"0090","Rentistas de Capital, solo para personas naturales"